{"cameraMode":{"drawMode":0,"name":"Shaded","section":"Shading Mode"},"sceneLighting":true,"audioPlay":false,"sceneViewState":{"m_AlwaysRefresh":false,"showFog":true,"showSkybox":true,"showFlares":true,"showImageEffects":true,"showParticleSystems":true,"showVisualEffectGraphs":true,"m_FxEnabled":true},"in2DMode":false,"pivot":{"x":7.920389652252197,"y":-0.30749011039733889,"z":5.445303440093994},"rotation":{"x":0.2379436194896698,"y":0.022153737023472787,"z":-0.005425473675131798,"w":0.9710191488265991},"size":11.22001838684082,"orthographic":false}