{"cameraMode":{"drawMode":0,"name":"Shaded","section":"Shading Mode"},"sceneLighting":true,"audioPlay":false,"sceneViewState":{"m_AlwaysRefresh":false,"showFog":true,"showSkybox":true,"showFlares":true,"showImageEffects":true,"showParticleSystems":true,"showVisualEffectGraphs":true,"m_FxEnabled":true},"in2DMode":false,"pivot":{"x":68.74795532226563,"y":-186.79344177246095,"z":92.02076721191406},"rotation":{"x":0.6549235582351685,"y":-0.03283930942416191,"z":0.028507020324468614,"w":0.7544482350349426},"size":188.7715301513672,"orthographic":false}