{"cameraMode":{"drawMode":0,"name":"Shaded","section":"Shading Mode"},"sceneLighting":true,"audioPlay":false,"sceneViewState":{"m_AlwaysRefresh":false,"showFog":true,"showSkybox":true,"showFlares":true,"showImageEffects":true,"showParticleSystems":true,"showVisualEffectGraphs":true,"m_FxEnabled":true},"in2DMode":false,"pivot":{"x":150.43820190429688,"y":-59.95686340332031,"z":113.97649383544922},"rotation":{"x":0.17475463449954987,"y":0.4848528206348419,"z":-0.0995471179485321,"w":0.8511577248573303},"size":147.38832092285157,"orthographic":false}