{"cameraMode":{"drawMode":0,"name":"Shaded","section":"Shading Mode"},"sceneLighting":true,"audioPlay":false,"sceneViewState":{"m_AlwaysRefresh":false,"showFog":true,"showSkybox":true,"showFlares":true,"showImageEffects":true,"showParticleSystems":true,"showVisualEffectGraphs":true,"m_FxEnabled":true},"in2DMode":false,"pivot":{"x":36.445220947265628,"y":-56.20123291015625,"z":136.95455932617188},"rotation":{"x":0.3374386131763458,"y":0.3764292597770691,"z":-0.14947527647018434,"w":0.8497647047042847},"size":220.76693725585938,"orthographic":false}