{"cameraMode":{"drawMode":0,"name":"Shaded","section":"Shading Mode"},"sceneLighting":true,"audioPlay":false,"sceneViewState":{"m_AlwaysRefresh":false,"showFog":true,"showSkybox":true,"showFlares":true,"showImageEffects":true,"showParticleSystems":true,"showVisualEffectGraphs":true,"m_FxEnabled":true},"in2DMode":false,"pivot":{"x":-35.89027786254883,"y":-107.15377044677735,"z":251.07720947265626},"rotation":{"x":0.19508801400661469,"y":-0.0661473423242569,"z":0.013190227560698986,"w":0.9784749746322632},"size":154.0905303955078,"orthographic":false}