{"cameraMode":{"drawMode":0,"name":"Shaded","section":"Shading Mode"},"sceneLighting":true,"audioPlay":false,"sceneViewState":{"m_AlwaysRefresh":false,"showFog":true,"showSkybox":true,"showFlares":true,"showImageEffects":true,"showParticleSystems":true,"showVisualEffectGraphs":true,"m_FxEnabled":true},"in2DMode":false,"pivot":{"x":395.6247253417969,"y":13.239723205566407,"z":1654.0045166015625},"rotation":{"x":0.00020858744392171502,"y":-0.9932317137718201,"z":0.1161353588104248,"w":0.0017842258093878627},"size":77.7884521484375,"orthographic":false}