{"cameraMode":{"drawMode":0,"name":"Shaded","section":"Shading Mode"},"sceneLighting":false,"audioPlay":false,"sceneViewState":{"m_AlwaysRefresh":false,"showFog":true,"showSkybox":false,"showFlares":true,"showImageEffects":true,"showParticleSystems":true,"showVisualEffectGraphs":true,"m_FxEnabled":true},"in2DMode":false,"pivot":{"x":0.08068746328353882,"y":2.5326948165893556,"z":-0.12793397903442384},"rotation":{"x":0.0010483225341886283,"y":-0.9989199042320252,"z":0.03597778081893921,"w":0.029988592490553857},"size":1.9722956418991089,"orthographic":false}